,Model,Accuracy,AUC,Precision,Recall,F1 Score,MCC
0,Logistic_Regression,0.8597122302158273,0.9842740614199484,0.8341264121699034,0.8376137932811766,0.8350115033059174,0.8343814652613227
1,Decision_Tree,0.9820143884892086,0.9874546107480305,0.9797464440321584,0.9778496013790131,0.978487194250741,0.9787938044980558
2,KNN,0.8165467625899281,0.9521763613175971,0.7853127298664824,0.7902967269197482,0.7836502097776636,0.784191983849469
3,Naive_Bayes,0.762589928057554,0.97586425377299,0.8258094440122089,0.7200486276800523,0.710093212508377,0.730935267875705
4,Random_Forest,0.9964028776978417,0.9999635787683661,0.9964285714285713,0.9952380952380953,0.9957703742299323,0.9957592204635709
5,XGBoost,0.9928057553956835,0.9999291387628558,0.9910364145658264,0.9910364145658264,0.9910364145658264,0.9914891011511143
