,Model,Accuracy,AUC,Precision,Recall,F1 Score
0,Logistic_Regression,0.9064748201438849,0.9934423479772096,0.8884743393671964,0.891278049681411,0.8886188827687084
1,Decision_Tree,0.9784172661870504,0.9849905577697051,0.9742747673782157,0.9736479207067443,0.9737932769409767
2,KNN,0.7985611510791367,0.954636478671816,0.7675888909473648,0.7747437436513067,0.7635456354474639
3,Naive_Bayes,0.7553956834532374,0.9837511921599578,0.8557218977522583,0.7001477514082557,0.6988208426726039
4,Random_Forest,0.9820143884892086,0.999925176310609,0.9816089226388229,0.9764105642256904,0.9784495433767996
5,XGBoost,0.9892086330935251,0.9998774787545902,0.987228439763002,0.9884723120017238,0.9876875010048286
